Yoga For Flexibility | 16 Minute Practice | Yoga With Adriene
Yoga Wash - Detox Flow | Yoga With Adriene
Yoga For Hips & Lower Back Release | Yoga With Adriene
Stress Melt - 26 Min Yoga Break | Yoga With Adriene
Yoga For Self Doubt | Yoga With Adriene
Peaceful Warrior Yoga | Yoga With Adriene
Head & Heart Reset | Yoga With Adriene
Yoga For Self Discipline | Yoga With Adriene
TRUE - Day 30 - BE YOU | Yoga With Adriene
TRUE - Day 29 - BE BRAVE | Yoga With Adriene
TRUE - Day 28 - BE FEARLESS | Yoga With Adriene
TRUE - Day 27 - BE FREE | Yoga With Adriene
TRUE - Day 26 - BE STILL | Yoga With Adriene
TRUE - Day 25 - BE AWARE | Yoga With Adriene
TRUE - Day 24 - BE KIND | Yoga With Adriene
TRUE - Day 23 - BALANCE | Yoga With Adriene
TRUE - Day 22 - RELEASE | Yoga With Adriene
TRUE - Day 21 - FINESSE | Yoga With Adriene
TRUE - Day 20 - AWAKEN | Yoga With Adriene
TRUE - Day 19 - THOUGHT | Yoga With Adriene
TRUE - Day 18 - SURRENDER | Yoga With Adriene
TRUE - Day 17 - CHARISMA | Yoga With Adriene
TRUE - Day 16 - SELF LOVE | Yoga With Adriene
TRUE - Day 15 - BELIEVE | Yoga With Adriene
TRUE - Day 14 - LISTEN | Yoga With Adriene
TRUE - Day 13 - Strength & Harmony | Yoga With Adriene
TRUE - Day 12 - CENTER | Yoga With Adriene
TRUE - Day 11 - SOFTEN | Yoga With Adriene
TRUE - Day 10 - DETOX | Yoga With Adriene
TRUE - Day 9 - OPEN | Yoga With Adriene
TRUE - Day 8 - SALVE | Yoga With Adriene
TRUE - Day 7 - SALUD | Yoga With Adriene
TRUE - Day 6 - KINDLE | Yoga With Adriene
TRUE - Day 5 - HIGH | Yoga With Adriene
TRUE - Day 4 - FLOOR | Yoga With Adriene
TRUE - Day 3 - STRETCH | Yoga With Adriene
TRUE - Day 2 - TRUST | Yoga With Adriene
TRUE - Day 1 - MOTIVE | Yoga With Adriene
True | Orientation | Yoga With Adriene
Yoga For New Beginnings | Yoga With Adriene
FWFG KULA - A Community of the Heart
Cozy Yoga | Yoga With Adriene
TRUE - 30 Day Yoga Journey | Begin!
Yoga For Nurses | Yoga With Adriene
Yoga For Climbers | Flexibility & Balance | Yoga With Adriene
Heart Chakra Yoga For Beginners | Yoga With Adriene
Yoga For Digestion | Yoga for When You Overeat! | Yoga With Adriene
Self Love Yoga | Full Class | Yoga With Adriene
Yoga For Musicians | Yoga With Adriene
Yoga Morning Fresh | Yoga With Adriene
Yoga for ZOMBIES! | Yoga With Adriene
Yoga For Scoliosis | Yoga With Adriene
Power Yoga Break | Yoga For Weight Loss | Yoga With Adriene
Yoga For Sensitive Knees | Yoga With Adriene
Yoga For After Disaster | Yoga With Adriene
Yoga For Diabetes | Yoga With Adriene
Yoga For Dancers | Yoga With Adriene
Total Body Yoga - Deep Stretch | Yoga With Adriene
Yoga For Concentration and Mental Focus | Yoga With Adriene
Yoga For The Classroom - Yoga With Adriene
Yoga For Teachers | Yoga With Adriene
Yoga For Manual Labor - Yoga With Adriene
Yoga for Golfers - Yoga With Adriene
Yoga For Weight Loss - Hips and Core Vinyasa - Yoga With Adriene
Chair Yoga - Yoga For Seniors | Yoga With Adriene
Yoga For Depression - Yoga With Adriene
Yoga For Psoas | Yoga With Adriene
Yoga For Runners: 7 MIN POST-RUN | Yoga With Adriene
Yoga For Runners: 7 MIN PRE-RUN | Yoga With Adriene
Yoga for Neck and Shoulder Relief - Yoga With Adriene
Movement Medicine - Calming Practice - Yoga With Adriene
Movement Medicine - Energy Practice - Yoga With Adriene
Yoga For Migraines - Yoga With Adriene
Yoga + Pranayama for the Spine - Yoga With Adriene
Meditation for Anxiety - Yoga With Adriene
Project OM - Yoga With Adriene LIVESTREAM
Yoga for Core (and Booty!) - 30 Minute Yoga Practice - Yoga With Adriene
Yoga For Swimmers - Yoga With Adriene
Yoga For Loneliness - Yoga With Adriene
RABBIT POSE - Sasangasana - 15 Minute Yoga Practice
Healthy Body Yoga - Yoga With Adriene
Adriene's Yogi Tea Recipe - How to Make Yogi Tea - Yoga With Adriene
Meditation For Inner Peace - Yoga With Adriene
Yoga For Weight Loss - Healthy Energy Flow - Yoga With Adriene
Three Stops You Cannot Miss While In Austin - Yoga With Adriene.
Yoga For Cyclists - Yoga With Adriene
Yoga For Actors - Yoga With Adriene
6-Minute Yoga For Hips - Yoga With Adriene
6-Minute Post-Workout Yoga - Yoga With Adriene
6-Minute Yoga Chill - Yoga With Adriene
7-Minute Yoga Boost - Yoga With Adriene
7-Minute Yoga For Runners - Yoga With Adriene
10-Minute Yoga For Self Care - Yoga With Adriene
7 Minute Bedtime Yoga - Yoga With Adriene
5-Minute Morning Yoga - Yoga With Adriene
Revolution - Day 31 - Practice Presence
Revolution - Day 30 - Intuition Practice
Revolution - Day 29 - Truth Practice
Revolution - Day 28 - Heart Practice
Revolution - Day 27 - Self Practice
Revolution - Day 26 - Creativity Practice
Revolution - Day 25 - Root Practice
Revolution - Day 24 - Practice Patience
Revolution - Day 23 - Discipline Practice
Revolution - Day 22 - Gentle Practice
Revolution - Day 21 - Practice Strength
Revolution - Day 20 - Practice Peace
Revolution - Day 19 - Light Practice
Revolution - Day 18 - Balancing Practice
Revolution - Day 17 - Practice Stillness
Revolution - Day 16 - Sweet Practice
Revolution - Day 15 - Fearless Practice
Revolution - Day 14 - Forgiveness Practice
Revolution - Day 13 - Practice Opening
Revolution - Day 12 - In Sync Practice
Revolution - Day 11 - Align Practice
Revolution - Day 10 - Thoughtful Practice
Revolution - Day 9 - Empower Practice
Revolution - Day 8 - Practice Serenity
Revolution - Day 7 - Stability Practice
Revolution - Day 6 - Attention (and Abs) Practice
Revolution - Day 5 - Practice Rhythm
Revolution - Day 4 - PRANA Practice - Yoga With Adriene
Revolution - Day 3 - Honor Practice - Yoga With Adriene
Revolution - Day 2 - Practice Intention - Yoga With Adriene
Revolution - Day 1 - Practice Ease - Yoga With Adriene
Revolution - 31 Days of Yoga
Yoga for Stress Relief - 7 minute Practice - Yoga With Adriene
Yoga For The Service Industry - Yoga With Adriene
Compassion Yoga - Core Strength Vinyasa - Yoga With Adriene
Yoga For a Rainy Day - Yoga With Adriene
Grounding Into Gratitude - Root Chakra Yoga - Yoga With Adriene
Yoga For The Spine - Yoga With Adriene
Pyramid Pose - Parsvottanasana - Yoga With Adriene
Yoga Rinse - Yoga With Adriene
Crow Practice - Yoga With Adriene
Wheelchair Yoga - Gentle Chair Yoga Routine - Yoga With Adriene
Yoga For Beginners - The Basics - Yoga With Adriene
Foundations Of Yoga - Camel Pose - Ustrasana
Yoga to Calm Your Nerves
Yoga for Mood Swings - Yoga With Adriene
Dolphin Pose - Yoga With Adriene
Side Body Flow - Yoga With Adriene
Balancing Ocean Flow - Yoga With Adriene
Confidence Boost Yoga - Yoga With Adriene
Feel Good Flow - Yoga With Adriene
Yoga for Anxiety - 20 Minute Practice - Yoga With Adriene
Hands Free Yoga Workout - Yoga With Adriene
Let It Go Yoga Flow - Yoga With Adriene
Yoga For Tired Legs - Yoga With Adriene
Yoga Stretch - Yoga With Adriene
Deepen & Flow - Yoga With Adriene
No Fear Yoga - Yoga With Adriene
Red Nose Day | Yoga With Adriene (And Benji!)
Greet the Day Yoga - Yoga With Adriene
Yoga For The Feet - Yoga With Adriene
Core Strength Ritual - Yoga With Adriene
Shakti Power Flow - Yoga With Adriene
Revolved Side Angle Pose - 20 Minute Practice - Yoga With Adriene
Yoga For Sciatica - Yoga With Adriene
Foundations of Salad - with Hilah Cooking
Runner's Yoga - Yoga With Adriene
Intro to Yin - Yin Yoga
Yoga Tone - Yoga For Weight Loss
Yoga For Focus & Productivity - 10 min practice
Yoga With Adriene - LIVE Practice and Party - VLOG
Hero Pose - Virasana - Foundations of Yoga
Yoga For Beginners - A Little Goes a Long Way
Yoga For Love - Valentine's Vinyasa Flow
Yoga Camp - Day 30 - It's All You
Yoga Camp - Day 29 - I Love
Yoga Camp - Day 28 - I Celebrate
Yoga Camp - Day 27 - I Am Grateful
Homemade Yoga Mat Spray (Tutorial)
Yoga Camp - Day 26 - I Attract
Yoga Camp - Day 25 - I Am Strong
Yoga Camp - Day 24 - I Am In Control
Yoga Camp - Day 23 - I Am Secure
Yoga Camp - Day 22 - I Surround Myself With...
Yoga Camp - Day 21- I Believe
Yoga Camp - Day 20 - I Am Worthy
Yoga Camp - Day 19 - I Respect
Yoga Camp - Day 18 - I Surrender
Yoga Camp - Day 17 - I Am Focused
Yoga Camp - Day 16 - I Enjoy
Yoga Camp - Day 15 - I Am Open
Yoga Camp - Day 14 - Go With The Flow
Yoga Camp - Day 13 - I Deserve
Yoga Camp - Day 12 - I Trust
Yoga Camp - Day 11 - I Release
Yoga Camp Day 10 - I Am Present
Yoga Camp Day 9 - I Am Bold
Yoga Camp Day 8 - I Choose
Yoga Camp Day 7 - I Am Capable
Yoga Camp Day 6 - I Am Supported (Six Pack Abs)
Yoga Camp Day 5 - I Am Alive
Yoga Camp Day 4 - I Awaken
Yoga Camp Day 3 - I Embrace
Yoga Camp Day 2 - I Create
Yoga Camp Day 1 - I Accept
YogaCamp - Welcome Orientation
Last Video of 2015
YOGA CAMP
Yoga For Anxiety and Stress
FWFG Seattle Roadshow VLOG
FWFG Chicago Roadshow VLOG
Yoga For Bedtime - 20 Minute Practice
Goddess Pose - Foundations of Yoga
Yoga For Wrist Pain
Yoga For Gratitude
FWFG Austin Roadshow VLOG
Gentle Yoga - 25 Minute Gentle Yoga Sequence
Yoga For Strength - 40 Minute Vinyasa Sequence
Wild Thing - Foundations of Yoga
Find What Feels Good - LA - Travel Vlog
Yoga Tips - Transitions - Down Dog to Lunge
RISE - Morning Yoga - NOW AVAILABLE!
"Pranayama - Sitali- Cooling Breath - (Or, Taco Breath!)"
Find What Feels Good - NYC - Travel Vlog
Yoga For When You're Angry
Yoga For Weight Loss - Love Yoga Flow
Yoga For a Healthy Liver
Third Chakra Yoga - Show Your Gold
Yoga For Couch Potatoes
Yoga on an Airplane - Travel Yoga
California Travel Yoga - VLOG
Yoga for Beginners - Foundations of Flow
Yoga For Healthy Posture - Yoga Tips
Street Yoga - Yoga You Can Do Anywhere!
Yoga For Back Pain - Yoga Basics
Balancing Flow - Yoga With Adriene
Happy Birthday Yoga
Morning Yoga - Yoga To Start Your Day!
Yoga For Weight Loss - Hips & Hammies
Happy International Yoga Day from set
Silent Vlog - Yoga With Adriene
Yoga For When You're In a Bad Mood
Yoga For When You're Sore (with special guest)
Yoga Q&A + Personal Stuff + Puppy!
What is Vinyasa?
Yoga To Get The Juices Flowing!
Grounding Yoga Practice | Happy Earth Day!
Yoga For a Broken Heart - Unconditional Love
Standing Splits - Foundations Of Yoga
Legs Up The Wall - Foundations of Yoga
Yoga for Weight Loss - Balance Practice
Lizard Pose - Foundations of Yoga
Sun Salutation B - Surya Namaskara B
Power Yoga - with Adriene
Eagle Pose - Foundations Of Yoga
Yoga For Your Lunch Break
T-Shirt Field Trip! (VLOG)
Day 30 - Find What Feels Good - 30 Days of Yoga
Day 29 - Sweet Surrender - 30 Days of Yoga
Day 28 - Playful Yoga Practice - 30 Days of Yoga
"Day 27 - Flexible, Fearless and FUN YOGA - 30 Days of Yoga"
T-Shirts - 30 Days of Yoga and Updates! VLOG
"Day 26 - Earth Practice, Total Body Yoga - 30 Days of Yoga"
Day 25 - Dancing Warrior Sequence - 30 Days of Yoga
Day 24 - Gentle Yummy Yoga - 30 Days of Yoga
Day 23 - Freedom & Forgiveness - 30 Days of Yoga
Day 22 - Full Body Awareness - 30 Days of Yoga
Day 21 - Joyful Home Practice - 30 Days of Yoga
Day 20 - Heart Practice - 30 Days of Yoga
Day 19 - Breath & Body Practice - 30 Days of Yoga
Day 18 - Wonder Yoga! - 30 Days of Yoga
Day 17 - Happiness Boost Yoga - 30 Days of Yoga
Day 16 - Easy Breezy Beautiful Yoga - 30 Days of Yoga
Day 15 - Half Hour Half Moon Practice - 30 Days of Yoga
Day 14 - Mindful Hatha Yoga Workout - 30 Days of Yoga
New Year New You - Preventative Care - Neti Pot
Day 13 - Endurance & Ease - 30 Days Of Yoga
Day 12 - Yoga For Spinal Health - 30 Days of Yoga
Day 11 - Shakti Yoga Practice - 30 Days of Yoga
Day 10 - 10 min Sun Salutation Practice -30 Days of Yoga
"Babies, Puppies and other Updates [VLOG]"
Day 9 - Full Potential Detox Practice - 30 Days of Yoga
Day 8 - Yoga For Healing & Meditation - 30 Days of Yoga
Day 7 - Total Body Yoga - 30 Days of Yoga
Day 6 - SIX PACK ABS - 30 Days of Yoga
Day 5 - FEEL ALIVE FLOW- 30 Days of Yoga
Yoga For Your Back - 30 Days of Yoga - Day 4
Day 3 - Forget What You Know - 30 Days of Yoga
Day 2 - Stretch & Soothe - 30 Days of Yoga
Day 1 - Ease Into It - 30 Days of Yoga
30 Days of Yoga - Start Here
Happy Holidays + My Christmas Present (VLOG)
Prenatal Yoga
Garland Pose - Foundations of Yoga
30 Days of Yoga
Extended Side Angle Pose | Foundations of Yoga
Yoga For Headaches
Happy Thanksgiving 2014!
Travel Yoga - Revitalizing Flow
Yoga For Digestion Flow
Yoga at Your Desk
Breath of Fire - Pranayama Series
Yoga for Headaches! Babies! Other News!
Yoga For Relaxation
Yoga for Weight Loss - Abs & Arms
Half Moon Pose - Foundations of Yoga
Yoga for Strength and Focus
Yoga Tip: Table Top Position
Yoga For Hangovers
EMPOWER - Transformative Yoga Flow
2 Year Birthday - Thank You! (VLOG)
VLOG - Gratitude & Cali Recap!
Prenatal Yoga - 5 Poses for All Trimesters
Lion's Breath - Foundations of Yoga
Head Stand Yoga Pose - How To Do a Headstand for Beginners
Updates & Exciting News - Yoga With Adriene VLOG
Quick Stress Fix - 5 Minute Sequence
"150,000 Subscribers! - THANK YOU!"
Yoga For Stress Relief
Chair Pose | Utkatasana
Yoga For Your Butt and Thighs
Morning Yoga - Energizing Morning Sequence
Gate Pose (Parighasana) - Foundations of Yoga
Yoga For Runners 2 - Cool Down Sequence
Yoga For Hamstrings | Yoga With Adriene
Yoga Meetup in NYC
Warrior III - Foundations of Yoga
Yoga For Runners - Warm Up Sequence
Yoga Tips: Engage Your Warrior
Yoga Book Club + NYC Meetup + Skin Care (VLOG)
Wind-Relieving Pose
Yoga For Lower Back Pain
Yoga Diet + ReBoot + NYC Meetup! (VLOG)
Yoga For Beginners - 40 Minute Home Yoga Workout
Yoga For Abs - 6 Minute Abs Workout
Yoga For When You Are SICK - Yoga With Adriene
REBOOT is back!
Locust Pose- Foundations Of Yoga
Yoga For the Winter Blues - Yoga for Depression
Yoga for Women - Yoga For Cramps and PMS
Chaturanga Practice - Yoga For Beginners
Yoga Breathing | Alternate Nostril Breathing
"Knees, Chest & Chin Pose - Foundations of Yoga"
Exciting Plans For the Year Ahead | Yoga With Adriene
Re-Boot! Yoga VLOG
Yoga For Weight Loss | Strengthen and Lengthen
Side Plank Pose | Vasisthasana
Yoga for Digestion | Holiday Meal Digestion!
Practicing Gratitude | Yoga With Adriene
Yoga Poses For Beginners - Where To Start?
Yoga For Complete Beginners - 20 Minute Home Yoga Workout!
YouTube Comments Problems (VLOG)
Dorm Room Yoga | 30 Minute Yoga Workout Video for Small Spaces
Crow Pose | How To Do Crow Pose | Yoga With Adriene
Detox Yoga | 20 Minute Yoga Flow for Detox and Digestion
Travel Yoga - Morning Sequence
Bedtime Yoga Sequence
Yoga For Upper Back Pain | Yoga With Adriene
Yoga for Healthy Wrists | Yoga With Adriene
Standing Wide-Legged Forward Fold | Prasarita Padottanasana | Yoga With Adriene
Triangle Pose | Trikonasana | Foundations of Yoga
VOX is Back! Transformation & New Classes! VLOG
Travel Yoga - Booty Stretch!
Yoga For Daily Neck Relief
Vocal Surgery Day - VLOG
Samasthiti - Foundations of Yoga
Yoga For Acid Reflux - Embrace It! - Yoga With Adriene
I Lost My Voice!!! VLOG
Travel Yoga: Side Body Sequence
Freedom Flow! Yoga With Adriene
Weight Loss Yoga - Total Body Workout
Yoga Pants and other Yoga Questions Answered! (VLOG)
Apple Cider Vinegar Shots! ~ Saturday VLOG
Ujjayi Breathing | Yoga with Adriene
Hip Openers - Your Yoga Questions Answered!
Tree Pose - Vrksasana - Yoga With Adriene
Morning Yoga for Beginners - Gentle Morning Yoga
Pigeon Pose - Yoga With Adriene
Staff Pose - Yoga With Adriene
Plank Pose - Yoga With Adriene
High Lunge Yoga Pose - Yoga With Adriene
Bridge Pose - Yoga With Adriene
Yoga Q&A - Wrist Problems and Digestion Issues
Yoga For Weight Loss - Yoga Core Workout
Warrior 2 Yoga Pose - Yoga With Adriene
Yoga For Weight Loss - 40 Minute Fat Burning Yoga Workout!
Cobra Pose - Yoga With Adriene
Setting Intentions for 2013 - Yoga With Adriene
Warrior One Yoga Pose - Yoga With Adriene
Downward Dog - Downward Facing Dog Yoga Pose
Reclined Twist Yoga Pose - Yoga With Adriene
Corpse Pose - Yoga With Adriene
Extended Child's Pose - Yoga With Adriene
Runner's Lunge - Foundations of Yoga
Forward Fold Yoga Pose - Yoga With Adriene
Mountain Pose (Tadasana) - Yoga With Adriene
Bound Angle Pose - Yoga With Adriene
Cat-Cow Yoga Pose - Yoga With Adriene
Sukhasana (The Easy Pose) - Yoga With Adriene
Yoga With Adriene - Introduction
